Timestamp,Type,Priority,index_num,Suggestion,topic
10/27/22 15:48,0,1,0,More ECE course options.,course
10/27/22 15:48,0,2,1,More RA/TA opportunities.,job opportunities
10/27/22 15:48,0,3,2,Lower housing rent.,housing
10/27/22 15:48,0,4,3,Having additional advising for courses by people who are familiar with courses in the department (especially for grad students),course
10/27/22 15:48,0,5,4,lesser number of minimum compulsory credits for international students,program
10/27/22 15:48,1,1,5,More ECE course options.,course
10/27/22 15:48,1,2,6,More RA/TA opportunities.,job opportunities
10/27/22 15:48,1,3,7,Lower housing rent.,housing
10/27/22 15:48,1,4,8,Having additional advising for courses by people who are familiar with,course
10/27/22 15:48,1,5,9,courses in the department (especially for grad students),program
10/27/22 15:49,0,1,10,More RA/TA opportunities,job opportunities
10/27/22 15:49,0,2,11,Lower tuition fees and fee for out of state students,tuition
10/27/22 15:49,0,3,12,Exam archive for students to prep for tests,exam
10/27/22 15:49,0,4,13,Easy switch between program discipline if student lose their interest,program
10/27/22 15:49,1,1,14,Providing more projects that give a hands on experience to students.,exam
10/27/22 15:49,1,2,15,Reducing the number of exams but increasing the number of HW,course
10/27/22 15:49,1,3,16,Explaining the concepts of networking by showing code examples from system.,course
10/27/22 15:49,1,4,17,"Giving the students a few research papers to write a survey on, thus giving students more exposure to present day research in the domain",course
10/27/22 15:50,0,1,18,Having more common spaces to do work on campus (in addition to CULC + Crosland),campus
10/27/22 15:50,0,2,19,Having umbrellas that can be borrowed on campus,campus
10/27/22 15:50,0,3,20,more public transport,transportation
10/27/22 15:50,0,4,21,Mandatory physical and mental health classes,health
10/27/22 15:50,0,5,22,Discounts on COSTCO for foods and gas,benefits
10/27/22 15:50,1,1,23,Healthier food options,food
10/27/22 15:50,1,2,24,Better course options,course
10/27/22 15:50,1,3,25,More support for job search,benefits
10/27/22 15:50,1,4,26,More funding opportunities,benefits
10/27/22 15:50,1,5,27,Better communication from course TAs and instructors.,course
10/27/22 15:50,0,1,28,More opportunities for on-campus jobs (teaching or research Assistant),job opportunities
10/27/22 15:50,0,2,29,Better ECE classes,course
10/27/22 15:50,0,3,30,Safety on campus,safety
10/27/22 15:50,0,4,31,Better public transportation (Access to MARTA),transportation
10/27/22 15:50,0,5,32,Better food on campus,campus
10/27/22 15:50,1,1,33,Safety on campus,safety
10/27/22 15:50,1,2,34,Better quality of housing,housing
10/27/22 15:50,1,3,35,Better public transportation,transportation
10/27/22 15:50,1,4,36,Better quality of food ,campus
10/27/22 15:50,1,5,37,Fun activities/events,benefits
10/27/22 15:51,0,1,38,Revised testing format ,exam
10/27/22 15:51,0,2,39,Reduce parking fee,benefits
10/27/22 15:51,0,3,40,More food options on campus,campus
10/27/22 15:51,0,4,41,Renovated and more campus housing options ,housing
10/27/22 15:51,0,5,42,More seating/outlets ,campus
10/27/22 15:51,1,1,43,Reduce student fees ,tuition
10/27/22 15:51,1,2,44,More food options on campus ,food
10/27/22 15:51,1,3,45,Reduce traffic on campus ,campus
10/27/22 15:51,1,4,46,More seating locations on campus ,campus
10/27/22 15:51,1,5,47,More on campus activities for students,campus
10/27/22 15:51,0,1,48,Better course offerings,course
10/27/22 15:51,0,2,49,Wider variety of food options on campus,food
10/27/22 15:51,0,3,50,Increased seating on campus,campus
10/27/22 15:51,0,4,51,Improve Wifi speed,campus
10/27/22 15:51,0,5,52,Profs/TAs being more responsive on Piazza,course
10/27/22 15:51,1,1,53,Make meal plans more flexible/affordable,food
10/27/22 15:51,1,2,54,Make class syllabi publicly available,course
10/27/22 15:51,1,3,55,"Increase frequency of free, fun events put on for students",benefits
10/27/22 15:51,1,4,56,Create more study spaces on campus,campus
10/27/22 15:51,1,5,57,Make it easier to make appointments at Stamps,health
10/27/22 15:51,0,1,58,Easier and free access to mental health help,health
10/27/22 15:51,0,2,59,Mode of conduct of lectures should be both in-person and remote in every course,course
10/27/22 15:51,0,3,60,Only open book exams to ensure conceptual understanding,course
10/27/22 15:51,0,4,61,Each grad student has1 advisor to know closely what is their academic progress,program
10/27/22 15:51,0,5,62,More stinger bus routes,transportation
10/27/22 15:51,1,1,63,"Revised testing format as a standard (take home, open book, open notes)",exam
10/27/22 15:51,1,2,64,Better/more seating with access to outlet,campus
10/27/22 15:51,1,3,65,Fewer required ECE undergrad class (such as 3005 or 2031),program
10/27/22 15:51,1,4,66,"Improved ECE advising/forms process (graduation, minors, etc)",program
10/27/22 15:51,1,5,67,Increased shuttle/bus times and reliability,transportation
10/27/22 15:51,0,1,68,More variety of offered courses,program
10/27/22 15:51,0,2,69,More RA/TA opportunities.,job opportunities
10/27/22 15:51,0,3,70,Better Transportation,transportation
10/27/22 15:51,0,4,71,Lower student fees,tuition
10/27/22 15:51,0,5,72,Availability of graduate student living,housing
10/27/22 15:51,1,1,73,Having umbrellas that can be borrowed on campus,campus
10/27/22 15:51,1,2,74,Increasing visibility and ease of using dining hallsHealthier food options,food
10/27/22 15:51,1,3,75,Better course options,course
10/27/22 15:51,1,4,76,More support for job search,benefits
10/27/22 15:51,1,5,77,More funding opportunities,benefits
10/27/22 15:52,0,1,78,Increase opportunities for GRA/GTA roles in ECE department,job opportunities
10/27/22 15:52,0,2,79,Increased number of on-campus employment opportunities for student,job opportunities
10/27/22 15:52,0,3,80,More collaboration based assignments,course
10/27/22 15:52,0,4,81,better faculty benefits,benefits
10/27/22 15:52,0,5,82,safe neighbor,safety
10/27/22 15:52,1,1,83,less homework,course
10/27/22 15:52,1,2,84,more stinger bus routes,transportation
10/27/22 15:52,1,3,85,more classes offered,program
10/27/22 15:52,1,4,86,more extra credit offered,course
10/27/22 15:52,1,5,87,less tests,course
10/27/22 15:52,0,1,88,Add more automated seats for each course and smoothen the registration process such that all students can take courses they desire,course
10/27/22 15:52,0,2,89,Availability of graduate student living,housing
10/27/22 15:52,0,3,90,"Exams should not hold a lot of weightage, instead there should be multiple assignments for grading",exam
10/27/22 15:52,0,4,91,only open book exams to ensure conceptual understanding stress busting activities every week on campus,exam
10/27/22 15:52,0,5,92,Cheaper prices of food on campus. Most students at Tech work throughout the day and generally do not have much time to cook for themselves. Student either spend more money of food or eat very irregularly,food
10/27/22 15:52,1,1,93,Easy switch between the programs or disciplines if students lose their interest in their current program,program
10/27/22 15:52,1,2,94,Adding more breaks/holidays during the semester normalizes students workload,program
10/27/22 15:52,1,3,95,Giving opportunity to students to drop courses anytime during the semester without affecting their transcript,program
10/27/22 15:52,1,4,96,"Exams should not have much weight, rather projects/assignment should carry more weightage as they have high learning",exam
10/27/22 15:52,1,5,97,Mode of conduct of lectures should be both in-person and remote in every course,course
10/27/22 15:52,0,1,98,Healthier food options,food
10/27/22 15:52,0,2,99,Better bus transportation service,transportation
10/27/22 15:52,0,3,100,More funding opportunities,benefits
10/27/22 15:52,0,4,101,Better assignments,course
10/27/22 15:52,0,5,102,Safety on campus,safety
10/27/22 15:52,1,1,103,Better stinger service,transportation
10/27/22 15:52,1,2,104,Better registration portal,program
10/27/22 15:52,1,3,105,More library space,campus
10/27/22 15:52,1,4,106,More crime prevention measures,safety
10/27/22 15:52,1,5,107,Better food options in student centre,food
10/27/22 15:53,0,1,108,More classes should allow students to attend remotely as this course does.,course
10/27/22 15:53,0,2,109,Provide more industrial-related courses/projects. ,program
10/27/22 15:53,0,3,110,More ECE course options.,program
10/27/22 15:53,0,4,111,Students should be allowed balance between work and life.,program
10/27/22 15:53,0,5,112,Lower housing rent.,housing
10/27/22 15:53,1,1,113,"Work really hard on assignments, quiz, and exams.",course
10/27/22 15:53,1,2,114,"Choose an area that you are most interested in, but do not be afraid of changing it.",program
10/27/22 15:53,1,3,115,Make friends with people whose major is not close to yours.,program
10/27/22 15:53,1,4,116,Explore interesting things other than your major.,program
10/27/22 15:53,1,5,117,Do more exercises as you can.,health
10/27/22 15:53,0,1,118,supportive environment,campus
10/27/22 15:53,0,2,119,Cheap food,food
10/27/22 15:53,0,3,120,Better transportation,transportation
10/27/22 15:53,0,4,121,Better course option,course
10/27/22 15:53,0,5,122,Better internet,campus
10/27/22 15:53,1,1,123,supportive environment,campus
10/27/22 15:53,1,2,124,better transportation,transportation
10/27/22 15:53,1,3,125,better curriculum,program
10/27/22 15:53,1,4,126,better consultation ,program
10/27/22 15:53,1,5,127,healthy food with reasonable price,food
10/27/22 15:54,0,1,128,only open book exams to ensure conceptual understanding,exam
10/27/22 15:54,0,2,129,Discounts on COSTCO for foods and gas,benefits
10/27/22 15:54,0,3,130,Recreational activities and sports should be free of charge.,benefits
10/27/22 15:54,0,4,131,Safety on campus,safety
10/27/22 15:54,0,5,132,Better system for choosing classes,program
10/27/22 15:54,1,1,133,Better food,food
10/27/22 15:54,1,2,134,Free parking lots,benefits
10/27/22 15:54,1,3,135,More opportunities for job,job opportunities
10/27/22 15:54,1,4,136,More school bus,transportation
10/27/22 15:54,1,5,137,Less workload,course
10/27/22 15:54,0,1,138,Sleep early,health
10/27/22 15:54,0,2,139,Eat more,health
10/27/22 15:54,0,3,140,Free food,food
10/27/22 15:54,1,1,141,More ECE course options.,program
10/27/22 15:54,1,2,142,More RA/TA opportunities.,job opportunities
10/27/22 15:54,1,3,143,Lower housing rent.,housing
10/27/22 15:54,0,1,144,Increased GRA pay,tuition
10/27/22 15:54,0,2,145,Being able to easily register for courses from schools other than your,program
10/27/22 15:54,0,3,146,own school,campus
10/27/22 15:54,0,4,147,Lower student fees,tuition
10/27/22 15:54,0,5,148,Create more study spaces on campus,campus
10/27/22 15:54,1,1,149,increase phd students' salary,benefits
10/27/22 15:54,1,2,150,reduce parking fee on campus,benefits
10/27/22 15:54,1,3,151,increase more restaurant on campus,food
10/27/22 15:54,1,4,152,install camera in every classroom for lecture recording,campus
10/27/22 15:54,1,5,153,build another gym or recreation center,campus
10/27/22 15:54,0,1,154,More ECE course options.,program
10/27/22 15:54,0,2,155,More RA/TA opportunities.,job opportunities
10/27/22 15:54,0,3,156,Lower housing rent.,housing
10/27/22 15:54,0,4,157,Safety on campus,safety
10/27/22 15:54,0,5,158,increase more restaurant on campus,food
10/27/22 15:54,1,1,159,Better 4G/5G coverage,campus
10/27/22 15:54,1,2,160,increase more restaurant on campus,food
10/27/22 15:54,1,3,161,Add more public computing resources,benefits
10/27/22 15:54,1,4,162,More traffic lights at crossroads in tech square,campus
10/27/22 15:54,1,5,163,Safety on campus,safety
10/27/22 15:55,0,1,164,Better system for choosing classes,program
10/27/22 15:55,0,2,165,More stinger bus routes,transportation
10/27/22 15:55,0,3,166,Cheap and better quality food offerings,food
10/27/22 15:55,0,4,167,Provide more books in library,campus
10/27/22 15:55,0,5,168,Regular events for international students to know the America better,benefits
10/27/22 15:55,1,1,169,Improve course and assignment quality.,course
10/27/22 15:55,1,2,170,Have more delicious food in canteen.,food
10/27/22 15:55,1,3,171,Provide help for career or researching experience.,job opportunities
10/27/22 15:55,1,4,172,Quick response to the information consulting.,benefits
10/27/22 15:55,1,5,173,Clear guide for new students to follow.,program
10/27/22 15:55,0,1,174,"Provide more ECE course options, especially in specializations",program
10/27/22 15:55,0,2,175,Provide cheaper and higher quality food options on campus,food
10/27/22 15:55,0,3,176,Improve course registration such that students are better able to take courses they are interested in,program
10/27/22 15:55,0,4,177,Provide better access to free mental health care,health
10/27/22 15:55,0,5,178,"Require less courses for grad students to be full-time, especially international students",program
10/27/22 15:55,1,1,179,Having additional advising for courses by people who are familiar with courses in the department (especially for grad students),program
10/27/22 15:55,1,2,180,Having more common spaces to do work on campus (in addition to CULC + Crosland),campus
10/27/22 15:55,1,3,181,Having umbrellas that can be borrowed on campus,campus
10/27/22 15:55,1,4,182,Increasing visibility and ease of using dining halls,food
10/27/22 15:55,1,5,183,Better course options,program
10/27/22 15:55,0,2,185,"Exams should not have much weight, rather projects/assignment should carry more weightage as they have high learning",exam
10/27/22 15:55,0,3,186,Grades should be provided more promptly so students can more quickly learn from their mistakes and understand their current grade standings.,course
10/27/22 15:55,0,4,187,More classes offered,course
10/27/22 15:55,0,5,188,Lower the tuition and fee for out-of-state students,tuition
10/27/22 15:55,1,2,189,More classes should allow students to attend remotely as this course does.,program
10/27/22 15:55,1,3,190,More courses should provide lecture recordings for students’ review.,program
10/27/22 15:55,1,4,191,More courses should publish lecture slides a night in advance so students can review material before lecture.,course
10/27/22 15:55,1,5,192,Steps should be taken to spread out midterms such that a student does not have 3+ midterms in one week.,program
10/27/22 15:55,0,1,193,better system for choosing classes,program
10/27/22 15:55,0,2,194,providing more projects that give a hands on experience to students,course
10/27/22 15:55,0,3,195,less emails,program
10/27/22 15:55,0,4,196,architecture of new buildings should be less industrial,campus
10/27/22 15:55,0,5,197,a 'real' soccer court with two gates,campus
10/27/22 15:55,1,1,198,less noisy A/C units on buildings,campus
10/27/22 15:55,1,2,199,hop-on campus golfcarts,campus
10/27/22 15:55,1,3,200,better looking OSCAR,program
10/27/22 15:55,1,4,201,easier access to MARTA,transportation
10/27/22 15:55,1,5,202,free ice cream on Fridays,food
10/27/22 15:55,0,1,203,More ECE course options.,program
10/27/22 15:55,0,2,204,More RA/TA opportunities.,job opportunities
10/27/22 15:55,0,3,205,"Develop programs that help students maintain their physical and mental health. For example weekly gym sessions or sport training sessions. Basically, let students chill and help them regain their sanity.",health
10/27/22 15:55,0,4,206,"diversity in food options, Make meal plans more flexible/affordable, more Asian food on campus",food
10/27/22 15:55,0,5,207,We can have free shared bikes or scooters for students to access in the campus,transportation
10/27/22 15:55,1,1,208,Each grad student has1 advisor to know closely what is their academic progress,program
10/27/22 15:55,1,2,209,Job related workshops and 1on 1 type advisor meetings and have industry mentors,job opportunities
10/27/22 15:55,1,3,210,Social events for students to get to know each other,benefits
10/27/22 15:55,1,4,211,Regular events for international students to know the America better,benefits
10/27/22 15:55,1,5,212,We can have free shared bikes or scooters for students to access in the campus,transportation
10/27/22 15:55,0,1,213,Mandatory physical and mental health classes,health
10/27/22 15:55,0,2,214,Increased security and police presence,safety
10/27/22 15:55,0,3,215,More variety of offered courses,program
10/27/22 15:55,0,4,216,Giving opportunity to students to drop courses anytime during the semester without affecting their transcript,program
10/27/22 15:55,0,5,217,Classes should have more windows for ventilation,course
10/27/22 15:55,1,1,218,Healthier food options,food
10/27/22 15:55,1,2,219,Help with course selection,program
10/27/22 15:55,1,3,220,Healthcare availability on weekends,health
10/27/22 15:55,1,4,221,Increase in safety around campus,safety
10/27/22 15:55,1,5,222,Increased frequency of buses on campus,transportation
10/27/22 15:56,0,1,223,"Increase number of seatings, monitors in the Library",campus
10/27/22 15:56,0,2,224,Better wifi coverage in campus,campus
10/27/22 15:56,0,3,225,More ECE course options,program
10/27/22 15:56,0,4,226,Diversity in food options,food
10/27/22 15:56,0,5,227,Cheaper food,food
10/27/22 15:56,1,1,228,Improve road condition,campus
10/27/22 15:56,1,2,229,Improve Wi-Fi speed,campus
10/27/22 15:56,1,3,230,Increase the varieties of food in dinning halls,food
10/27/22 15:56,1,4,231,Provide more monitors in library,campus
10/27/22 15:56,1,5,232,Provide more books in library,campus
10/27/22 15:56,0,1,233,More ECE course options,program
10/27/22 15:56,0,2,234,Cheap and better quality food offerings,food
10/27/22 15:56,0,3,235,Provide more on-campus housing options for graduate students,housing
10/27/22 15:56,0,4,236,Renovated campus housing,housing
10/27/22 15:56,0,5,237,"Increase frequency of free, fun events put on for students",benefits
10/27/22 15:56,1,1,238,More variety of offered courses,program
10/27/22 15:56,1,2,239,Better food options,food
10/27/22 15:56,1,3,240,Renovated campus housing,housing
10/27/22 15:56,1,4,241,Improved campus transportation system,transportation
10/27/22 15:56,1,5,242,Larger gym,campus
10/27/22 15:56,0,1,243,more classes offered,program
10/27/22 15:56,0,2,244,increased gra pay,benefits
10/27/22 15:56,0,3,245,more and cheaper food options,food
10/27/22 15:56,0,4,246,more hands on experience,job opportunities
10/27/22 15:56,0,5,247,more bus routes,transportation
10/27/22 15:56,1,1,248,Increased GRA pay,benefits
10/27/22 15:56,1,2,249,Reduced food prices for lunch options,food
10/27/22 15:56,1,3,250,More bus routes,transportation
10/27/22 15:56,1,4,251,More bike racks,transportation
10/27/22 15:56,1,5,252,More activities for grad students,benefits
10/27/22 15:57,0,1,253,More on campus late night food options,food
10/27/22 15:57,0,2,254,Reduce number of courses per semester for international students,program
10/27/22 15:57,0,3,255,More library space,campus
10/27/22 15:57,0,4,256,Cheap and better quality food offerings,food
10/27/22 15:57,0,5,257,Better wifi coverage on campus,campus
10/27/22 15:57,1,1,258,Provide more food choices from more cultures in the canteen.,food
10/27/22 15:57,1,2,259,Bigger gym.,campus
10/27/22 15:57,1,3,260,A 'real' soccer court with two gates.,campus
10/27/22 15:57,1,4,261,More outdoor events organized by different student societies.,benefits
10/27/22 15:57,1,5,262,Provide some dorms for the graduate-level students.,housing
10/27/22 15:57,0,1,263,Offer more relevant courses in specialisations,program
10/27/22 15:57,0,2,264,More classes should allow students to attend remotely as this course does,course
10/27/22 15:57,0,3,265,Create more study spaces on campus,campus
10/27/22 15:57,0,4,266,Healthier food options on campus,food
10/27/22 15:57,0,5,267,Social events for students to get to know each other,benefits
10/27/22 15:57,1,1,268,Please schedule office hours weekly on a regular basis,program
10/27/22 15:57,1,2,269,Optional problems to solve instead of presentations can help students in receiving extra credits since presentations are limited in number per class,course
10/27/22 15:57,1,3,270,Practice sessions with practice problems before exams,exam
10/27/22 15:57,1,4,271,Some latest advancements can be covered in the lecture content ,course
10/27/22 15:57,1,5,272,More/Quick responsiveness on Piazza,course
10/27/22 15:57,0,1,273,More crime prevention measures ,safety
10/27/22 15:57,0,2,274,Improve course availability ,course
10/27/22 15:57,0,3,275,Reduce parking fees on campus ,transportation
10/27/22 15:57,0,4,276,Mandatory physical and mental health classes ,health
10/27/22 15:57,0,5,277,Make class syllabi publicly available ,course
10/27/22 15:57,1,1,278,More police presence around surrounding areas off campus in the evening,safety
10/27/22 15:57,1,2,279,More affordable parking permits ,tuition
10/27/22 15:57,1,3,280,Better homecoming performer selection,benefits
10/27/22 15:57,1,4,281,"For courses that only offer 8 am class times, allow for later times in addition",course
10/27/22 15:57,1,5,282,Provide digital streaming services for all registered students,benefits
10/27/22 15:57,0,1,283,Increased security and police presence,safety
10/27/22 15:57,0,2,284,More GTA/GRA opportunities,job opportunities
10/27/22 15:57,0,3,285,Easier registration process (course registrtation),program
10/27/22 15:57,0,4,286,Better printing system,campus
10/27/22 15:57,0,5,287,More recreational activities,benefits
10/27/22 15:57,1,1,288,Lower cirme rate,safety
10/27/22 15:57,1,2,289,More food option,food
10/27/22 15:57,1,3,290,Course material recorded,course
10/27/22 15:57,1,4,291,Move all courses online,course
10/27/22 15:57,1,5,292,More social events,benefits
10/27/22 16:00,0,1,293,Better curriculum,program
10/27/22 16:00,0,2,294,Healthier food options,food
10/27/22 16:00,0,3,295,Make it easier to make appointments at Stamps,health
10/27/22 16:00,0,4,296,Easier and free access to mental health help,health
10/27/22 16:00,0,5,297,Training for career planning,job opportunities
10/27/22 16:00,1,1,298,Change exam formats or explore alternative syllabi for courses (math in particular),course
10/27/22 16:00,1,2,299,more Asian food on campus,food
10/27/22 16:00,1,3,300,healthier foods on campus,food
10/27/22 16:00,1,4,301,better vending machines on campus,campus
10/27/22 16:00,1,5,302,reducing student fees,tuition
10/27/22 16:00,0,1,303,Create more study spaces on campus,campus
10/27/22 16:00,0,2,304,Easier and free access to mental health help,health
10/27/22 16:00,0,3,305,Form a study group,course
10/27/22 16:00,0,4,306,Improve road condition,transportation
10/27/22 16:00,0,5,307,Provide more books in library,benefits
10/27/22 16:00,1,1,308,Provide more hands-on experiments on networks,course
10/27/22 16:00,1,2,309,Provide some reading materials before each lecture,course
10/27/22 16:00,1,3,310,"In assignments, provide the original questions",course
10/27/22 16:00,1,4,311,"In optional assignments, provide the solution by the professor or TA to help us understand",course
10/27/22 16:00,1,5,312,None,health
10/27/22 16:00,0,1,313,Increased GRA pay,job opportunities
10/27/22 16:00,0,2,314,Discounted taxes for Student Employees,benefits
10/27/22 16:00,0,3,315,Free campus parking,transportation
10/27/22 16:00,0,4,316,More student coupons we can use in daily life,benefits
10/27/22 16:00,0,5,317,Make meal plans more flexible/affordable,food
10/27/22 16:00,1,1,318,Discounted taxes for Student Employees,tuition
10/27/22 16:00,1,2,319,Discounts on COSTCO for foods and gas,benefits
10/27/22 16:00,1,3,320,Free snacks,benefits
10/27/22 16:00,1,4,321,Free campus parking,transportation
10/27/22 16:00,1,5,322,Discounted laptops,benefits
10/27/22 16:01,0,1,323,Lower the tuition and fee for out-of-state students.,tuition
10/27/22 16:01,0,2,324,Lower housing rent.,housing
10/27/22 16:01,0,3,325,"I wish there could be less assignments, more project works or hands-on labs (specially for grad student)",course
10/27/22 16:01,0,4,326,Improve Fall Course availability. (Spring has a lot of interesting courses and fall has very few),program
10/27/22 16:01,0,5,327,To reduce number of courses per semester for international students(4+4+2 -> 3+4+3),program
10/27/22 16:01,1,1,328,Lower the tuition and fee for out-of-state students.,tuition
10/27/22 16:01,1,2,329,Lower housing rent.,housing
10/27/22 16:01,1,3,330,Provide more industrial-related courses/projects. ,course
10/27/22 16:01,1,4,331,Be more friendly for other major students to select CS major courses.,program
10/27/22 16:01,1,5,332,Free food.,food
10/27/22 16:01,0,1,333,More RA/TA opportunities.,job opportunities
10/27/22 16:01,0,2,334,More funding opportunities.,tuition
10/27/22 16:01,0,3,335,Increase opportunities for GRA/GTA roles in ECE department,job opportunities
10/27/22 16:01,0,4,336,More support for job search,job opportunities
10/27/22 16:01,0,5,337,Each grad student has1 advisor to know closely what is their academic progress,program
10/27/22 16:01,1,1,338,Open book exams,exam
10/27/22 16:01,1,2,339,Lesser num of compulsory creds internationals,program
10/27/22 16:01,1,3,340,Stress busting activities,health
10/27/22 16:01,1,4,341,Interactive sessions,course
10/27/22 16:01,1,5,342,Public transport,transportation
10/27/22 16:01,0,1,343,free books,benefits
10/27/22 16:01,0,2,344,more student events,benefits
10/27/22 16:01,0,3,345,less assignments,course
10/27/22 16:01,0,4,346,more equipment,campus
10/27/22 16:01,0,5,347,larger deadlines,course
10/27/22 16:01,1,1,348,increased pay gra,job opportunities
10/27/22 16:01,1,2,349,lower student fees,tuition
10/27/22 16:01,1,3,350,build another gym or recreation center,campus
10/27/22 16:01,1,4,351,increase more restaurant on campus,food
10/27/22 16:01,1,5,352,Discounted taxes for Student Employees,tuition
10/27/22 16:02,0,1,353,"1. I wish there could be less assignments, more project works or hands-on labs (specially for grad student)",course
10/27/22 16:02,0,2,354,2. Increase opportunities for GRA/GTA roles in ECE department,job opportunities
10/27/22 16:02,0,3,355,3. Improve Fall Course avalaibilty. (Spring has a lot of interesting courses and fall has very few),program
10/27/22 16:02,0,4,356,4. Fostering a success-oriented mindset and sense of belonging,health
10/27/22 16:02,0,5,357,5. Lower student fees.,tuition
10/27/22 16:02,1,1,358,1. Create Opportunities to Engage With Alumni,job opportunities
10/27/22 16:02,1,2,359,2. Availability of more courses,program
10/27/22 16:02,1,3,360,3. Embrace Diversity,campus
10/27/22 16:02,1,4,361,4. Fostering a success-oriented mindset and sense of belonging,program
10/27/22 16:02,1,5,362,5. Expanded access to experiential learning activities,benefits
10/27/22 16:03,0,1,363,Free Coffee in Grad Lounges,food
10/27/22 16:03,0,2,364,"Give international (grad) students the flexibility to decide whether they want to take 3 or 4 courses during a semester. (Currently intl. students must take 4 courses every semester, which gets pretty hectic and is unreasonable. I mean, we could take 3+4+3 courses in three semesters as opposed to 4+2+2. You get what I mean.)",program
10/27/22 16:03,0,3,365,Reasonable homework,course
10/27/22 16:03,0,4,366,More ECE course options.,program
10/27/22 16:03,0,5,367,better printing system,campus
10/27/22 16:03,1,1,368,Reduce the workload (assignments) given to students to a reasonable level.,course
10/27/22 16:03,1,2,369,Give more days off during the semester. We seriously need a break!,program
10/27/22 16:03,1,3,370,"Give international (grad) students the flexibility to decide whether they want to take 3 or 4 courses during a semester. (Currently intl. students must take 4 courses every semester, which gets pretty hectic and is unreasonable. I mean, we could take 3+4+3 courses in three semesters as opposed to 4+2+2. You get what I mean.)",program
10/27/22 16:03,1,4,371,"Develop programs that help students maintain their physical and mental health. For example weekly gym sessions or sport training sessions. Basically, let students chill and help them regain their sanity.",health
10/27/22 16:03,1,5,372,"Create opportunities for students that better prepare them for the workplace. I mean, make this a key aspect of a student's academic career.",campus
10/27/22 16:03,0,1,373,More on campus late night food options,food
10/27/22 16:03,0,2,374,More. bike racks,transportation
10/27/22 16:03,0,3,375,Better system for choosing classes,program
10/27/22 16:03,0,4,376,Make meal plans more flexible/affordable,food
10/27/22 16:03,0,5,377,More support for job search,job opportunities
10/27/22 16:03,1,1,378,Improve course registration system,program
10/27/22 16:03,1,2,379,More on campus late night food options,food
10/27/22 16:03,1,3,380,Reduce parking fee,transportation
10/27/22 16:03,1,4,381,Improved access to university dinning halls and dining options for grad students,food
10/27/22 16:03,1,5,382,Being able to easily register for courses from schools other than your own school,program
10/27/22 16:05,0,1,383,1. Lower student fees,tuition
10/27/22 16:05,0,2,384,"2. Less tests, more project works or hands-on labs (specially for grad student)",course
10/27/22 16:05,0,3,385,3. More ECE course options.,program
10/27/22 16:05,0,4,386,4. Healthcare availability on weekends,health
10/27/22 16:05,0,5,387,5. More fun events available to all students,benefits
10/27/22 16:05,1,1,388,1. Affordable tuition,tuition
10/27/22 16:05,1,2,389,2. More study space in library,campus
10/27/22 16:05,1,3,390,3. Psychological consultation system,health
10/27/22 16:05,1,4,391,4. Interesting student events,benefits
10/27/22 16:05,1,5,392,5. Diverse food options,food
10/27/22 16:06,0,1,393,Increased GRA pay,job opportunities
10/27/22 16:06,0,2,394,Lower housing rent,housing
10/27/22 16:06,0,3,395,Free food,food
10/27/22 16:06,0,4,396,Better Transportation,transportation
10/27/22 16:06,0,5,397,More fun events available to all students ,benefits
10/27/22 16:06,1,1,398,Free food provided,food
10/27/22 16:06,1,2,399,More options for student housing,housing
10/27/22 16:06,1,3,400,More events for the students on campus,benefits
10/27/22 16:06,1,4,401,More outdoor activities for students,health
10/27/22 16:06,1,5,402,Less workload for classes,course
10/27/22 16:07,0,1,403,Lower the tuition and fee for out-of-state students.,tuition
10/27/22 16:07,0,2,404,Provide more on-campus housing options for graduate students.,housing
10/27/22 16:07,0,3,405,Should be more food options on campus so that lines are shorter during busy times.,food
10/27/22 16:07,0,4,406,Having additional advising for courses by people who are familiar with courses in the department (especially for grad students),course
10/27/22 16:07,0,5,407,Provide more Vegan food options in the dining halls,food
10/27/22 16:07,1,1,408,I think that there should be more food options on campus so that lines are shorter during busy times.,food
10/27/22 16:07,1,2,409,I think that the CULC roof should be open everyday.,campus
10/27/22 16:07,1,3,410,I think that registration should be easier.,program
10/27/22 16:07,1,4,411,I think that the on campus housing should be cheaper.,housing
10/27/22 16:07,1,5,412,I think that the architecture of new buildings should be less industrial.,campus
10/27/22 16:07,0,1,413,More ECE course options or larger class sizes,program
10/27/22 16:07,0,2,414,More on campus late night food options,food
10/27/22 16:07,0,3,415,Discussion of research topics every once in a while (monthly),course
10/27/22 16:07,0,4,416,More stinger bus routes,transportation
10/27/22 16:07,0,5,417,Be more friendly for other major students to select CS major courses. ,program
10/27/22 16:07,1,1,418,More free food,food
10/27/22 16:07,1,2,419,More food options,food
10/27/22 16:07,1,3,420,Later bus schedule,transportation
10/27/22 16:07,1,4,421,Fewer class requirements,program
10/27/22 16:07,1,5,422,Less e-mails,course
10/27/22 16:08,0,1,423,Move all courses online ,course
10/27/22 16:08,0,2,424,Giving opportunity to students to drop courses anytime during the semester without affecting their transcript,course
10/27/22 16:08,0,3,425,More student interaction session ,course
10/27/22 16:08,0,4,426,I don't think 4 course rule for students to be considered full-time is fair.,course
10/27/22 16:08,0,5,427,"Georgia Tech has pretty heavy courses and even when we create a balance by taking a combination of light-heavy courses it becomes too much. There isn't any learning there, nor does it help students do better later in life. This just creates unnecessary stress and anxiety. I would rather have 3 manageable courses are understand it properly compared to facing mental anxiety and stress just to survive it.",course
10/27/22 16:08,1,1,428,lessen the assignments but encourage more research work for the graduate students,course
10/27/22 16:08,1,2,429,discussion of research topics every once in a while (monthly),course
10/27/22 16:08,1,3,430,I wish there could be some centralize system which could sync the assignment submission date that no two or three assignments due on same day,course
10/27/22 16:08,1,4,431,"I wish there could be open project or lab proposal session where student could propose their interested lab or project that which wish to work on (of course with verification from the Professors and TA),in lieu of assignments ",job opportunities
10/27/22 16:08,1,5,432,"Existence of Heavy work load and CARE (which provides mental health service at GT) does seem that the management understands the relationship, but sad to see there is no solution they really address rather ""you have to make it work"".",health
10/27/22 16:09,0,1,433,Better transportation in campus,transportation
10/27/22 16:09,0,2,434,Free parking for students,transportation
10/27/22 16:09,0,3,435,Provide more on campus housing for grad students,housing
10/27/22 16:09,0,4,436,Cancel the minimal 12 credits rule for international students,course
10/27/22 16:09,0,5,437,More employment opportunities on campus,job opportunities
10/27/22 16:09,1,1,438,More convenient traffic in the campus,transportation
10/27/22 16:09,1,2,439,Better Wi-Fi coverage,campus
10/27/22 16:09,1,3,440,More students coupons can use in daily life,campus
10/27/22 16:09,1,4,441,Reasonable arrangement of classrooms,campus
10/27/22 16:09,1,5,442,More news about coming events,benefits
10/27/22 16:11,0,1,443,academic (load) ,course
10/27/22 16:11,0,2,444,Academic (grades),exam
10/27/22 16:11,0,3,445,more extra credit offered,course
10/27/22 16:11,0,4,446,Optional problems to solve instead of presentations can help students in receiving extra credits since presentations are limited in number per class,course
10/27/22 16:11,0,5,447,Mode of conduct of lectures should be both in-person and remote in every course,course
10/27/22 16:11,1,1,448,Free food for grad students.,food
10/27/22 16:11,1,2,449,Give students the full week of Thanksgiving off - some students live in different states and need to be able to visit family.,course
10/27/22 16:11,1,3,450,Offer virtual office hours as well as in-person office hours in general for classes.,course
10/27/22 16:11,1,4,451,More resources for students who commute.,transportation
10/27/22 16:11,1,5,452,I accidentally left my notebook at home and can’t remember the last one I listed on Tuesday. I believe it was more social events? Sorry!,benefits
10/27/22 16:12,0,1,453,More and cheaper dining options ,food
10/27/22 16:12,0,2,454,More convenient bus services.,transportation
10/27/22 16:12,1,1,455,Lower the tuition and fee for out-of-state students.,tuition
10/27/22 16:12,1,2,456,Provide more on-campus housing options for graduate students.,housing
10/27/22 16:19,0,1,457,Increased number of on-campus employment opportunities for student,job opportunities
10/27/22 16:19,0,2,458,Add more focus areas with ergonomic chairs and monitors such that students can work upto late hours on-campus without eye and back strain,campus
10/27/22 16:19,0,3,459,An exam archive for students to prep for tests,exam
10/27/22 16:19,0,4,460,"Giving the students a few research papers to write a survey on, thus giving students more exposure to present day research in the domain",course
10/27/22 16:19,0,5,461,Cheap and better quality food offerings,food
10/27/22 16:19,1,1,462,Students should be allowed balance between work and life.,health
10/27/22 16:19,1,2,463,"Exams should not hold a lot of weightage, instead there should be multiple assignments for grading.",exam
10/27/22 16:19,1,3,464,Recreational activities and sports should be free of charge.,benefits
10/27/22 16:19,1,4,465,Classes should have more windows for ventilations.,course
10/27/22 16:19,1,5,466,There should be cheaper dining hall options on campus.,food
10/27/22 16:20,0,1,467,To reduce number of courses per sem for international students,course
10/27/22 16:20,0,2,468,More RA/TA opportunities,job opportunities
10/27/22 16:20,0,3,469,Easy switch between the programs or disciplines if students lose their interest in their current program,course
10/27/22 16:20,0,4,470,We can have free shared bikes or scooters for students to access in the campus,transportation
10/27/22 16:20,0,5,471,there could be some centralize system which could sync the assignment submission date that no two or three assignments due on same day ,course
10/27/22 16:20,1,1,472,Making class registration process smoother so that everyone can register for their desired courses,course
10/27/22 16:20,1,2,473,Increase opportunities for GRA/GTA roles in ECE department,job opportunities
10/27/22 16:20,1,3,474,Increasing number of seats in Library,campus
10/27/22 16:20,1,4,475,Increased number of on-campus employment opportunities for student,job opportunities
10/27/22 16:20,1,5,476,Increased number of student housing to accommodate more students on-campus,housing
10/27/22 16:22,0,1,477,More safe housing options for students on and off campus,housing
10/27/22 16:22,0,2,478,Lesser fees especially for out-of-state students,tuition
10/27/22 16:22,0,3,479,Reduced coursework( 4 subjects every semester is hectic),course
10/27/22 16:22,0,4,480,More food options/free healthy food to be available on campus,food
10/27/22 16:22,0,5,481,Better transportation facilities in and around campus,transportation
10/27/22 16:22,1,1,482,More public transport,transportation
10/27/22 16:22,1,2,483,Cheaper food,food
10/27/22 16:22,1,3,484,Cheaper accommodation,housing
10/27/22 16:22,1,4,485,Fewer subjects per semester,course
10/27/22 16:22,1,5,486,More social activities,benefits
10/27/22 16:22,0,1,487,More RA/TA opportunities,job opportunities
10/27/22 16:22,0,2,488,Lower student fees,tuition
10/27/22 16:22,0,3,489,Physical activities which will help bond,health
10/27/22 16:22,0,4,490,Provide more hands on experiments on Networks ,course
10/27/22 16:22,0,5,491,We can have free shared bikes or scooters for students to access on the campus,transportation
10/27/22 16:22,1,1,492,Affordable Housing on-campus,housing
10/27/22 16:22,1,2,493,More collaboration based assignment,course
10/27/22 16:22,1,3,494,All class recording should be available,course
10/27/22 16:22,1,4,495,Affordable meal options,food
10/27/22 16:22,1,5,496,Better Transportation,transportation
10/31/22 21:30,0,1,497,More accessible free mental health help,health
10/31/22 21:30,0,2,498,Record all lectures and make them available on canvas ,course
10/31/22 21:30,0,3,499,More than one gym to reduce crowding ,health
10/31/22 21:30,0,4,500,More news about coming campus events,campus
10/31/22 21:30,0,5,501,Late night dining options,food
10/31/22 21:30,1,1,502,More accessible free mental health help,health
10/31/22 21:30,1,2,503,More than one gym to reduce crowding ,health
10/31/22 21:30,1,3,504,Better transportation from off campus areas to campus,transportation
10/31/22 21:30,1,4,505,More areas on campus to study,campus
10/31/22 21:30,1,5,506,Better campus dining options,food